[{"id":2,"name":"http://avatarfiles.alphacoders.com/451/45172.jpg","username":null,"first_name":"Shia","last_name":"LaBeouf","last_login_date":"2016-09-02 04:36:38","email":"user1@gmail.com","is_active":true,"phone":"","security_question":null,"confirm_code":"y","default_app_id":null,"oauth_provider":null,"created_date":"2016-09-02 04:36:38","last_modified_date":"2016-09-02 04:36:38","created_by_id":1,"last_modified_by_id":1,"user_to_app_to_role_by_user_id":[],"password":"$2y$10$UBav9bStf6mA6w.geueDd.Ihv3lTwzYOqX9jh/VWIpFCDl.g90fyi"},{"id":3,"name":"http://avatarfiles.alphacoders.com/296/2961.jpg","username":null,"first_name":"Emma","last_name":"Watson","last_login_date":"2016-09-02 04:36:10","email":"user2@gmail.com","is_active":true,"phone":null,"security_question":null,"confirm_code":"y","default_app_id":null,"oauth_provider":null,"created_date":"2016-09-02 04:36:10","last_modified_date":"2016-09-02 04:36:10","created_by_id":1,"last_modified_by_id":1,"user_to_app_to_role_by_user_id":[],"password":"$2y$10$ppyNK69sNCKFt.Q6zb4a5O5fmyGGCHFTeCaYPkoy3taXRT.cizm9q"},{"id":4,"name":"http://avatarfiles.alphacoders.com/422/42208.png","username":null,"first_name":"Mr","last_name":"T","last_login_date":"2016-09-02 04:36:24","email":"user3@gmail.com","is_active":true,"phone":null,"security_question":null,"confirm_code":"y","default_app_id":null,"oauth_provider":null,"created_date":"2016-09-02 04:36:24","last_modified_date":"2016-09-02 04:36:24","created_by_id":1,"last_modified_by_id":1,"user_to_app_to_role_by_user_id":[],"password":"$2y$10$xtdOgFwE9iKEm39wvbiRHeQDCT6tSQf9UH3FXv2AkTi4AEUu6.GDC"}]